name,provider,country,level,field,funding,deadline_window,deadline_date,official_link,source_url,last_verified,tags,blurb,date_added,is_active
Marshall Scholarships,Marshall Aid Commemoration Commission,United Kingdom,"Master's, PhD",All fields,Fully-funded,Check official site,,https://www.marshallscholarship.org/,,,UK,"Master's, PhD funding from Marshall Aid Commemoration Commission. Confirm eligibility, funding and the current deadline on the official site.",2026-10-06,true
Clarendon Scholarships,University of Oxford,United Kingdom,"Master's, PhD",All fields,Fully-funded,Check official site,,https://www.ox.ac.uk/clarendon/,,,UK;Oxford,"Master's, PhD funding from University of Oxford. Confirm eligibility, funding and the current deadline on the official site.",2026-10-06,true
Cambridge Trust Scholarships,Cambridge Trust,United Kingdom,"Master's, PhD",All fields,Fully-funded,Check official site,,https://www.cambridgetrust.org/,,,UK;Cambridge,"Master's, PhD funding from Cambridge Trust. Confirm eligibility, funding and the current deadline on the official site.",2026-10-06,true
Commonwealth Shared Scholarships,Commonwealth Scholarship Commission,United Kingdom,Master's,All fields,Fully-funded,Check official site,,https://cscuk.fcdo.gov.uk/scholarships/commonwealth-shared-scholarships/,,,UK;Commonwealth,"Master's funding from Commonwealth Scholarship Commission. Confirm eligibility, funding and the current deadline on the official site.",2026-10-06,true
Felix Scholarships,Felix Trust,United Kingdom,"Master's, PhD",All fields,Fully-funded,Check official site,,https://www.felixscholarship.org/,,,UK;India;Africa,"Master's, PhD funding from Felix Trust. Confirm eligibility, funding and the current deadline on the official site.",2026-10-06,true
Imperial College President's PhD Scholarships,Imperial College London,United Kingdom,PhD,Science and Engineering,Fully-funded,Check official site,,https://www.imperial.ac.uk/study/pg/fees-and-funding/scholarships/,,,UK;PhD,"PhD funding from Imperial College London. Confirm eligibility, funding and the current deadline on the official site.",2026-10-06,true
LSE Graduate Support Scheme,London School of Economics,United Kingdom,Master's,Social Sciences,Partially funded,Check official site,,https://www.lse.ac.uk/study-at-lse/graduate/fees-and-funding,,,UK;LSE,"Master's funding from London School of Economics. Confirm eligibility, funding and the current deadline on the official site.",2026-10-06,true
Yenching Academy Scholarship,Peking University,China,Master's,"Chinese Studies, Humanities",Fully-funded,Check official site,,https://yenchingacademy.pku.edu.cn/,,,China;Peking University,"Master's funding from Peking University. Confirm eligibility, funding and the current deadline on the official site.",2026-10-06,true
AAUW International Fellowships,American Association of University Women,United States,"Master's, PhD",All fields,Partially funded,Check official site,,https://www.aauw.org/resources/programs/fellowships-grants/current-opportunities/international/,,,USA;Women,"Master's, PhD funding from American Association of University Women. Confirm eligibility, funding and the current deadline on the official site.",2026-10-06,true
Aga Khan Foundation International Scholarship Programme,Aga Khan Foundation,Global,"Master's, PhD",All fields,Partially funded,Check official site,,https://www.akdn.org/our-agencies/aga-khan-foundation/international-scholarship-programme,,,Global;Development,"Master's, PhD funding from Aga Khan Foundation. Confirm eligibility, funding and the current deadline on the official site.",2026-10-06,true
Obama Foundation Scholars Program,Obama Foundation,United States,Master's,"Public Policy, Leadership",Fully-funded,Check official site,,https://www.obama.org/programs/scholars/,,,USA;Leadership,"Master's funding from Obama Foundation. Confirm eligibility, funding and the current deadline on the official site.",2026-10-06,true
Yale World Fellows Program,Yale University,United States,Professional (non-degree),Leadership,Fully-funded,Check official site,,https://worldfellows.yale.edu/,,,USA;Yale;Leadership,"Professional (non-degree) funding from Yale University. Confirm eligibility, funding and the current deadline on the official site.",2026-10-06,true
Quad Fellowship,Quad Fellowship,United States,"Master's, PhD",STEM,Fully-funded,Check official site,,https://www.quadfellowship.org/,,,USA;STEM,"Master's, PhD funding from Quad Fellowship. Confirm eligibility, funding and the current deadline on the official site.",2026-10-06,true
Mandela Washington Fellowship,US Department of State,United States,Professional (non-degree),Leadership,Fully-funded,Check official site,,https://yali.state.gov/,,,USA;Africa;Leadership,"Professional (non-degree) funding from US Department of State. Confirm eligibility, funding and the current deadline on the official site.",2026-10-06,true
Zonta International Amelia Earhart Fellowship,Zonta International,Global,PhD,Aerospace Engineering,Partially funded,Check official site,,https://www.zonta.org/,,,Women;STEM,"PhD funding from Zonta International. Confirm eligibility, funding and the current deadline on the official site.",2026-10-06,true
P.E.O. International Peace Scholarship,P.E.O. International,United States,"Master's, PhD",All fields,Partially funded,Check official site,,https://www.peointernational.org/,,,Women;USA,"Master's, PhD funding from P.E.O. International. Confirm eligibility, funding and the current deadline on the official site.",2026-10-06,true
Trudeau Foundation Scholarships,Pierre Elliott Trudeau Foundation,Canada,PhD,Humanities and Social Sciences,Fully-funded,Check official site,,https://www.trudeaufoundation.ca/,,,Canada;PhD,"PhD funding from Pierre Elliott Trudeau Foundation. Confirm eligibility, funding and the current deadline on the official site.",2026-10-06,true
McCall MacBain Scholarships,McGill University,Canada,Master's,All fields,Fully-funded,Check official site,,https://mccallmacbain.org/,,,Canada;McGill,"Master's funding from McGill University. Confirm eligibility, funding and the current deadline on the official site.",2026-10-06,true
UBC International Leader of Tomorrow Award,University of British Columbia,Canada,Undergraduate,All fields,Fully-funded,Check official site,,https://you.ubc.ca/financial-planning/scholarships-awards-international-students/,,,Canada;UBC,"Undergraduate funding from University of British Columbia. Confirm eligibility, funding and the current deadline on the official site.",2026-10-06,true
Mitacs Globalink Research Internship,Mitacs,Canada,Undergraduate,All fields,Partially funded,Check official site,,https://www.mitacs.ca/,,,Canada;Internship,"Undergraduate funding from Mitacs. Confirm eligibility, funding and the current deadline on the official site.",2026-10-06,true
ETH Zurich Excellence Scholarship and Opportunity Programme,ETH Zurich,Switzerland,Master's,STEM,Fully-funded,Check official site,,https://ethz.ch/students/en/studies/financial/scholarships/excellencescholarship.html,,,Switzerland;STEM,"Master's funding from ETH Zurich. Confirm eligibility, funding and the current deadline on the official site.",2026-10-06,true
EPFL Excellence Fellowships,EPFL,Switzerland,Master's,STEM,Partially funded,Check official site,,https://www.epfl.ch/,,,Switzerland;STEM,"Master's funding from EPFL. Confirm eligibility, funding and the current deadline on the official site.",2026-10-06,true
Leiden University Excellence Scholarship,Leiden University,Netherlands,Master's,All fields,Partially funded,Check official site,,https://www.universiteitleiden.nl/en,,,Netherlands,"Master's funding from Leiden University. Confirm eligibility, funding and the current deadline on the official site.",2026-10-06,true
Amsterdam Excellence Scholarships,University of Amsterdam,Netherlands,Master's,All fields,Partially funded,Check official site,,https://www.uva.nl/en,,,Netherlands,"Master's funding from University of Amsterdam. Confirm eligibility, funding and the current deadline on the official site.",2026-10-06,true
Konrad Adenauer Foundation Scholarships,Konrad Adenauer Foundation,Germany,"Master's, PhD",All fields,Fully-funded,Check official site,,https://www.kas.de/en/web/begabtenfoerderung-und-medien/,,,Germany,"Master's, PhD funding from Konrad Adenauer Foundation. Confirm eligibility, funding and the current deadline on the official site.",2026-10-06,true
Friedrich Ebert Foundation Scholarships,Friedrich Ebert Foundation,Germany,"Master's, PhD",All fields,Fully-funded,Check official site,,https://www.fes.de/en/,,,Germany,"Master's, PhD funding from Friedrich Ebert Foundation. Confirm eligibility, funding and the current deadline on the official site.",2026-10-06,true
Heinrich Böll Foundation Scholarships,Heinrich Böll Foundation,Germany,"Master's, PhD",All fields,Fully-funded,Check official site,,https://www.boell.de/en/scholarships,,,Germany,"Master's, PhD funding from Heinrich Böll Foundation. Confirm eligibility, funding and the current deadline on the official site.",2026-10-06,true
Hanns Seidel Foundation Scholarships,Hanns Seidel Foundation,Germany,"Master's, PhD",All fields,Fully-funded,Check official site,,https://www.hss.de/en/,,,Germany,"Master's, PhD funding from Hanns Seidel Foundation. Confirm eligibility, funding and the current deadline on the official site.",2026-10-06,true
Alexander von Humboldt Research Fellowship,Alexander von Humboldt Foundation,Germany,Postdoctoral,All fields,Fully-funded,Check official site,,https://www.humboldt-foundation.de/en/,,,Germany;Research,"Postdoctoral funding from Alexander von Humboldt Foundation. Confirm eligibility, funding and the current deadline on the official site.",2026-10-06,true
OeAD Ernst Mach Grant,OeAD,Austria,"Master's, PhD",All fields,Fully-funded,Check official site,,https://grants.at/,,,Austria,"Master's, PhD funding from OeAD. Confirm eligibility, funding and the current deadline on the official site.",2026-10-06,true
Invest Your Talent in Italy,Italian Ministry of Foreign Affairs,Italy,Master's,All fields,Fully-funded,Check official site,,https://www.investyourtalentinitaly.esteri.it/,,,Italy,"Master's funding from Italian Ministry of Foreign Affairs. Confirm eligibility, funding and the current deadline on the official site.",2026-10-06,true
Italian Government Scholarships for Foreign Students,Italian Ministry of Foreign Affairs,Italy,"Master's, PhD",All fields,Fully-funded,Check official site,,https://studyinitaly.esteri.it/,,,Italy;Government,"Master's, PhD funding from Italian Ministry of Foreign Affairs. Confirm eligibility, funding and the current deadline on the official site.",2026-10-06,true
Fundación Carolina Scholarships,Fundación Carolina,Spain,"Master's, PhD",All fields,Fully-funded,Check official site,,https://www.fundacioncarolina.es/en/,,,Spain;Latin America,"Master's, PhD funding from Fundación Carolina. Confirm eligibility, funding and the current deadline on the official site.",2026-10-06,true
Becas MAEC-AECID,Spanish Agency for International Development Cooperation,Spain,"Master's, PhD",All fields,Fully-funded,Check official site,,https://www.aecid.es/,,,Spain;Government,"Master's, PhD funding from Spanish Agency for International Development Cooperation. Confirm eligibility, funding and the current deadline on the official site.",2026-10-06,true
la Caixa Fellowships for Postgraduate Studies,la Caixa Foundation,Spain,"Master's, PhD",All fields,Fully-funded,Check official site,,https://fellowships.lacaixafoundation.org/,,,Spain,"Master's, PhD funding from la Caixa Foundation. Confirm eligibility, funding and the current deadline on the official site.",2026-10-06,true
Danish Government Scholarships,Danish Agency for Higher Education,Denmark,Master's,All fields,Partially funded,Check official site,,https://studyindenmark.dk/,,,Denmark,"Master's funding from Danish Agency for Higher Education. Confirm eligibility, funding and the current deadline on the official site.",2026-10-06,true
VLIR-UOS Scholarships,VLIR-UOS,Belgium,Master's,Development,Fully-funded,Check official site,,https://www.vliruos.be/,,,Belgium;Development,"Master's funding from VLIR-UOS. Confirm eligibility, funding and the current deadline on the official site.",2026-10-06,true
ARES Scholarships,ARES,Belgium,Master's,Development,Fully-funded,Check official site,,https://www.ares-ac.be/,,,Belgium;Development,"Master's funding from ARES. Confirm eligibility, funding and the current deadline on the official site.",2026-10-06,true
NAWA Banach Scholarship Programme,Polish National Agency for Academic Exchange,Poland,"Master's, PhD",All fields,Fully-funded,Check official site,,https://nawa.gov.pl/en,,,Poland,"Master's, PhD funding from Polish National Agency for Academic Exchange. Confirm eligibility, funding and the current deadline on the official site.",2026-10-06,true
Russian Government Scholarship (Open Doors),Russian Government,Russia,"Bachelor's, Master's, PhD",All fields,Fully-funded,Check official site,,https://education-in-russia.com/,,,Russia;Government,"Bachelor's, Master's, PhD funding from Russian Government. Confirm eligibility, funding and the current deadline on the official site.",2026-10-06,true
Slovak National Scholarship Programme,Slovak Academic Information Agency,Slovakia,"Master's, PhD",All fields,Partially funded,Check official site,,https://www.scholarships.sk/,,,Slovakia,"Master's, PhD funding from Slovak Academic Information Agency. Confirm eligibility, funding and the current deadline on the official site.",2026-10-06,true
Lund University Global Scholarship,Lund University,Sweden,Master's,All fields,Partially funded,Check official site,,https://www.lunduniversity.lu.se/,,,Sweden,"Master's funding from Lund University. Confirm eligibility, funding and the current deadline on the official site.",2026-10-06,true
Marie Skłodowska-Curie Actions,European Commission,Europe,"PhD, Postdoctoral",All fields,Fully-funded,Check official site,,https://marie-sklodowska-curie-actions.ec.europa.eu/,,,Europe;Research,"PhD, Postdoctoral funding from European Commission. Confirm eligibility, funding and the current deadline on the official site.",2026-10-06,true
Japan Student Services Organization Scholarships,JASSO,Japan,"Bachelor's, Master's, PhD",All fields,Partially funded,Check official site,,https://www.jasso.go.jp/en/,,,Japan,"Bachelor's, Master's, PhD funding from JASSO. Confirm eligibility, funding and the current deadline on the official site.",2026-10-06,true
Honjo International Scholarship Foundation,Honjo International Scholarship Foundation,Japan,"Master's, PhD",All fields,Partially funded,Check official site,,https://www.honjo-foundation.or.jp/,,,Japan,"Master's, PhD funding from Honjo International Scholarship Foundation. Confirm eligibility, funding and the current deadline on the official site.",2026-10-06,true
KOICA Scholarship Program,Korea International Cooperation Agency,South Korea,Master's,Development,Fully-funded,Check official site,,https://www.koica.go.kr/,,,South Korea;Development,"Master's funding from Korea International Cooperation Agency. Confirm eligibility, funding and the current deadline on the official site.",2026-10-06,true
Chinese Government Scholarship (CSC),China Scholarship Council,China,"Bachelor's, Master's, PhD",All fields,Fully-funded,Check official site,,https://www.campuschina.org/,,,China;Government,"Bachelor's, Master's, PhD funding from China Scholarship Council. Confirm eligibility, funding and the current deadline on the official site.",2026-10-06,true
Confucius Institute Scholarship,Chinese International Education Foundation,China,"Bachelor's, Master's, PhD",Chinese Language,Fully-funded,Check official site,,https://www.cis.chinese.cn/,,,China;Language,"Bachelor's, Master's, PhD funding from Chinese International Education Foundation. Confirm eligibility, funding and the current deadline on the official site.",2026-10-06,true
ICCR Scholarships,Indian Council for Cultural Relations,India,"Bachelor's, Master's, PhD",All fields,Fully-funded,Check official site,,https://www.iccr.gov.in/,,,India;Government,"Bachelor's, Master's, PhD funding from Indian Council for Cultural Relations. Confirm eligibility, funding and the current deadline on the official site.",2026-10-06,true
Study in India Scholarships,Government of India,India,"Bachelor's, Master's, PhD",All fields,Fully-funded,Check official site,,https://studyinindia.gov.in/,,,India,"Bachelor's, Master's, PhD funding from Government of India. Confirm eligibility, funding and the current deadline on the official site.",2026-10-06,true
Inlaks Shivdasani Scholarships,Inlaks Shivdasani Foundation,India,"Master's, PhD",All fields,Fully-funded,Check official site,,https://www.inlaksfoundation.org/,,,India,"Master's, PhD funding from Inlaks Shivdasani Foundation. Confirm eligibility, funding and the current deadline on the official site.",2026-10-06,true
ITEC Scholarships,Government of India,India,Professional (non-degree),All fields,Fully-funded,Check official site,,https://www.itecgoi.in/,,,India;Training,"Professional (non-degree) funding from Government of India. Confirm eligibility, funding and the current deadline on the official site.",2026-10-06,true
Singapore International Pre-Graduate Award (SIPGA),A*STAR,Singapore,Pre-graduate research,Science and Engineering,Fully-funded,Check official site,,https://www.a-star.edu.sg/,,,Singapore;Research,"Pre-graduate research funding from A*STAR. Confirm eligibility, funding and the current deadline on the official site.",2026-10-06,true
Malaysian International Scholarship,Ministry of Higher Education Malaysia,Malaysia,"Master's, PhD",All fields,Fully-funded,Check official site,,https://biasiswa.mohe.gov.my/,,,Malaysia,"Master's, PhD funding from Ministry of Higher Education Malaysia. Confirm eligibility, funding and the current deadline on the official site.",2026-10-06,true
LPDP Scholarship,Indonesia Endowment Fund for Education,Indonesia,"Master's, PhD",All fields,Fully-funded,Check official site,,https://lpdp.kemenkeu.go.id/,,,Indonesia,"Master's, PhD funding from Indonesia Endowment Fund for Education. Confirm eligibility, funding and the current deadline on the official site.",2026-10-06,true
Darmasiswa Scholarship,Government of Indonesia,Indonesia,Non-degree,Language and Culture,Fully-funded,Check official site,,https://darmasiswa.kemdikbud.go.id/,,,Indonesia;Culture,"Non-degree funding from Government of Indonesia. Confirm eligibility, funding and the current deadline on the official site.",2026-10-06,true
HEC Scholarships,Higher Education Commission Pakistan,Pakistan,"Bachelor's, Master's, PhD",All fields,Fully-funded,Check official site,,https://www.hec.gov.pk/,,,Pakistan,"Bachelor's, Master's, PhD funding from Higher Education Commission Pakistan. Confirm eligibility, funding and the current deadline on the official site.",2026-10-06,true
KAUST Graduate Fellowship,King Abdullah University of Science and Technology,Saudi Arabia,"Master's, PhD",STEM,Fully-funded,Check official site,,https://www.kaust.edu.sa/en/study,,,Saudi Arabia;STEM,"Master's, PhD funding from King Abdullah University of Science and Technology. Confirm eligibility, funding and the current deadline on the official site.",2026-10-06,true
Islamic University of Madinah Scholarship,Islamic University of Madinah,Saudi Arabia,"Bachelor's, Master's, PhD",Islamic Studies,Fully-funded,Check official site,,https://iu.edu.sa/,,,Saudi Arabia,"Bachelor's, Master's, PhD funding from Islamic University of Madinah. Confirm eligibility, funding and the current deadline on the official site.",2026-10-06,true
MASHAV Scholarships,Israel Ministry of Foreign Affairs,Israel,Professional (non-degree),Development,Fully-funded,Check official site,,https://mashav.mfa.gov.il/,,,Israel;Training,"Professional (non-degree) funding from Israel Ministry of Foreign Affairs. Confirm eligibility, funding and the current deadline on the official site.",2026-10-06,true
Mandela Rhodes Scholarship,Mandela Rhodes Foundation,South Africa,Master's,All fields,Fully-funded,Check official site,,https://www.mandelarhodes.org/,,,Africa;South Africa,"Master's funding from Mandela Rhodes Foundation. Confirm eligibility, funding and the current deadline on the official site.",2026-10-06,true
Tony Elumelu Foundation Entrepreneurship Programme,Tony Elumelu Foundation,Africa,Entrepreneurship,Business,Fully-funded,Check official site,,https://www.tefconnect.com/,,,Africa;Entrepreneurship,"Entrepreneurship funding from Tony Elumelu Foundation. Confirm eligibility, funding and the current deadline on the official site.",2026-10-06,true
Equity Group Foundation Scholars Program,Equity Group Foundation,Kenya,"Secondary, Undergraduate",All fields,Fully-funded,Check official site,,https://equitygroupfoundation.com/,,,Kenya;Africa,"Secondary, Undergraduate funding from Equity Group Foundation. Confirm eligibility, funding and the current deadline on the official site.",2026-10-06,true
AWARD Fellowships,African Women in Agricultural Research and Development,Africa,"Master's, PhD",Agriculture,Partially funded,Check official site,,https://awardfellowships.org/,,,Africa;Women;Agriculture,"Master's, PhD funding from African Women in Agricultural Research and Development. Confirm eligibility, funding and the current deadline on the official site.",2026-10-06,true
OWSD PhD Fellowships,Organization for Women in Science for the Developing World,Global,PhD,Science and Technology,Fully-funded,Check official site,,https://owsd.net/,,,Women;STEM;Global South,"PhD funding from Organization for Women in Science for the Developing World. Confirm eligibility, funding and the current deadline on the official site.",2026-10-06,true
TWAS Fellowships for Research and Advanced Training,The World Academy of Sciences,Global,"PhD, Postdoctoral",Science,Fully-funded,Check official site,,https://twas.org/,,,Global South;Research,"PhD, Postdoctoral funding from The World Academy of Sciences. Confirm eligibility, funding and the current deadline on the official site.",2026-10-06,true
Melbourne International Undergraduate Scholarship,University of Melbourne,Australia,Undergraduate,All fields,Partially funded,Check official site,,https://scholarships.unimelb.edu.au/,,,Australia;Melbourne,"Undergraduate funding from University of Melbourne. Confirm eligibility, funding and the current deadline on the official site.",2026-10-06,true
Monash Graduate Scholarship,Monash University,Australia,"Master's, PhD",All fields,Fully-funded,Check official site,,https://www.monash.edu/graduate-research/future-students/scholarships,,,Australia;Monash,"Master's, PhD funding from Monash University. Confirm eligibility, funding and the current deadline on the official site.",2026-10-06,true
ANU Chancellor's International Scholarship,Australian National University,Australia,Undergraduate,All fields,Partially funded,Check official site,,https://www.anu.edu.au/study/scholarships,,,Australia;ANU,"Undergraduate funding from Australian National University. Confirm eligibility, funding and the current deadline on the official site.",2026-10-06,true
University of Sydney International Scholarships,University of Sydney,Australia,"Master's, PhD",All fields,Partially funded,Check official site,,https://www.sydney.edu.au/scholarships/,,,Australia;Sydney,"Master's, PhD funding from University of Sydney. Confirm eligibility, funding and the current deadline on the official site.",2026-10-06,true
University of Auckland International Student Excellence Scholarship,University of Auckland,New Zealand,Undergraduate,All fields,Partially funded,Check official site,,https://www.auckland.ac.nz/en/study/scholarships-and-awards.html,,,New Zealand,"Undergraduate funding from University of Auckland. Confirm eligibility, funding and the current deadline on the official site.",2026-10-06,true
Becas Chile,ANID Chile,Chile,"Master's, PhD",All fields,Fully-funded,Check official site,,https://www.anid.cl/,,,Chile;Latin America,"Master's, PhD funding from ANID Chile. Confirm eligibility, funding and the current deadline on the official site.",2026-10-06,true
AMEXCID Scholarships for Foreigners,Government of Mexico,Mexico,"Master's, PhD",All fields,Fully-funded,Check official site,,https://www.gob.mx/amexcid/,,,Mexico;Government,"Master's, PhD funding from Government of Mexico. Confirm eligibility, funding and the current deadline on the official site.",2026-10-06,true
ICETEX Scholarships,ICETEX,Colombia,"Master's, PhD",All fields,Partially funded,Check official site,,https://www.icetex.gov.co/,,,Colombia,"Master's, PhD funding from ICETEX. Confirm eligibility, funding and the current deadline on the official site.",2026-10-06,true
Santander Universities Scholarships,Banco Santander,Global,"Undergraduate, Master's",All fields,Partially funded,Check official site,,https://www.becas-santander.com/en,,,Global;Santander,"Undergraduate, Master's funding from Banco Santander. Confirm eligibility, funding and the current deadline on the official site.",2026-10-06,true
UNESCO Fellowships,UNESCO,Global,"Master's, PhD",All fields,Partially funded,Check official site,,https://www.unesco.org/en/fellowships,,,UN;Global,"Master's, PhD funding from UNESCO. Confirm eligibility, funding and the current deadline on the official site.",2026-10-06,true
IAEA Marie Sklodowska-Curie Fellowship Programme,International Atomic Energy Agency,Global,Master's,Nuclear Science,Fully-funded,Check official site,,https://www.iaea.org/,,,UN;Women;STEM,"Master's funding from International Atomic Energy Agency. Confirm eligibility, funding and the current deadline on the official site.",2026-10-06,true
ICTP Postgraduate Diploma Programme,Abdus Salam International Centre for Theoretical Physics,Italy,Postgraduate Diploma,Physics and Mathematics,Fully-funded,Check official site,,https://www.ictp.it/,,,Italy;Physics,"Postgraduate Diploma funding from Abdus Salam International Centre for Theoretical Physics. Confirm eligibility, funding and the current deadline on the official site.",2026-10-06,true
UNU Fellowships,United Nations University,Global,"Master's, PhD",Sustainability,Partially funded,Check official site,,https://unu.edu/,,,UN;Global,"Master's, PhD funding from United Nations University. Confirm eligibility, funding and the current deadline on the official site.",2026-10-06,true
Google Generation Scholarship,Google,Global,"Undergraduate, Master's",Computer Science,Partially funded,Check official site,,https://buildyourfuture.withgoogle.com/scholarships,,,Tech;Google,"Undergraduate, Master's funding from Google. Confirm eligibility, funding and the current deadline on the official site.",2026-10-06,true
Google PhD Fellowship,Google,Global,PhD,Computer Science,Fully-funded,Check official site,,https://research.google/programs-and-events/phd-fellowship/,,,Tech;Google;PhD,"PhD funding from Google. Confirm eligibility, funding and the current deadline on the official site.",2026-10-06,true
Meta Research PhD Fellowship,Meta,Global,PhD,Computer Science,Fully-funded,Check official site,,https://research.facebook.com/fellowship/,,,Tech;Meta;PhD,"PhD funding from Meta. Confirm eligibility, funding and the current deadline on the official site.",2026-10-06,true
Rotary Global Grant Scholarships,The Rotary Foundation,Global,Master's,Rotary focus areas,Fully-funded,Check official site,,https://www.rotary.org/,,,Rotary;Global,"Master's funding from The Rotary Foundation. Confirm eligibility, funding and the current deadline on the official site.",2026-10-06,true
